Source,Target
VamPus,Mímir Kristjánsson
VamPus,Mímir Kristjánsson
VamPus,Mímir Kristjánsson
VamPus,Mímir Kristjánsson
VamPus,Espen Barth Eide
VamPus,Lene Westgaard-Halle
VamPus,Lene Westgaard-Halle
VamPus,Sofie Marhaug
VamPus,Sofie Marhaug
Erna Solberg,
Kjell Ingolf Ropstad,Nikolai Astrup
Kari Elisabeth Kaski,Audun Lysbakken
Masud Gharahkhani,
Sveinung Stensland,Lars Haltbrekken
Sveinung Stensland,Lars Haltbrekken
Sveinung Stensland,Lars Haltbrekken
Sveinung Stensland,Sveinung Rotevatn
Sveinung Stensland,Sveinung Rotevatn
Sveinung Stensland,Roy Steffensen   roysteffensen
Sveinung Stensland,Roy Steffensen   roysteffensen
Sveinung Stensland,Mari Holm Lønseth
Sveinung Stensland,Lene Westgaard-Halle
Sveinung Stensland,M Tybring-Gjedde
Sveinung Stensland,M Tybring-Gjedde
Sveinung Stensland,M Tybring-Gjedde
Sveinung Stensland,M Tybring-Gjedde
Sveinung Stensland,M Tybring-Gjedde
Sveinung Stensland,M Tybring-Gjedde
Sveinung Stensland,Roy Steffensen   roysteffensen
Per Vidar Kjølmoen,M Tybring-Gjedde
Sveinung Rotevatn,Espen Barth Eide
Sveinung Rotevatn,Mímir Kristjánsson
Sveinung Rotevatn,Mímir Kristjánsson
Sveinung Rotevatn,Mímir Kristjánsson
Sveinung Rotevatn,Bjørnar Moxnes
Sveinung Rotevatn,Bjørnar Moxnes
Sveinung Rotevatn,Mímir Kristjánsson
Sveinung Rotevatn,Mímir Kristjánsson
Sveinung Rotevatn,Mímir Kristjánsson
Sveinung Rotevatn,Mímir Kristjánsson
Sveinung Rotevatn,Mímir Kristjánsson
Sveinung Rotevatn,Mímir Kristjánsson
Sveinung Rotevatn,Mímir Kristjánsson
Sveinung Rotevatn,Mímir Kristjánsson
Sveinung Rotevatn,Mímir Kristjánsson
Sveinung Rotevatn,Mímir Kristjánsson
Sveinung Rotevatn,Mímir Kristjánsson
Sveinung Rotevatn,Mímir Kristjánsson
Sveinung Rotevatn,Mímir Kristjánsson
Sveinung Rotevatn,Mímir Kristjánsson
Sveinung Rotevatn,Mímir Kristjánsson
Sveinung Rotevatn,Mímir Kristjánsson
Sveinung Rotevatn,Mímir Kristjánsson
Sveinung Rotevatn,Mímir Kristjánsson
Sveinung Rotevatn,Alfred Jens
Sveinung Rotevatn,Guri Melby
AnetteTrettebergst.,Tage Pettersen
AnetteTrettebergst.,Tage Pettersen
Mímir Kristjánsson,Roy Steffensen   roysteffensen
Mímir Kristjánsson,Roy Steffensen   roysteffensen
Mímir Kristjánsson,Roy Steffensen   roysteffensen
Ola Elvestuen,Espen Barth Eide
Ola Elvestuen,Alfred Jens
Ola Elvestuen,Guri Melby
Ola Elvestuen,Guri Melby
Ola Elvestuen,Guri Melby
Ola Elvestuen,M Tybring-Gjedde
Ola Elvestuen,Lars Haltbrekken
Abid Raja,Guri Melby
Abid Raja,Guri Melby
Marie Sneve,Mímir Kristjánsson
Marie Sneve,Mímir Kristjánsson
Marie Sneve,Mímir Kristjánsson
Marie Sneve,Mímir Kristjánsson
Marie Sneve,Mímir Kristjánsson
Marie Sneve,Mímir Kristjánsson
Marie Sneve,Mímir Kristjánsson
Marie Sneve,Mímir Kristjánsson
Marie Sneve,Mímir Kristjánsson
Marie Sneve,Mímir Kristjánsson
Marie Sneve,Mímir Kristjánsson
Marie Sneve,Mímir Kristjánsson
Marie Sneve,Mímir Kristjánsson
Marie Sneve,Mímir Kristjánsson
Marie Sneve,Mímir Kristjánsson
Marie Sneve,Mímir Kristjánsson
Marie Sneve,Mímir Kristjánsson
Marie Sneve,Mímir Kristjánsson
Marie Sneve,Mímir Kristjánsson
Marie Sneve,Mímir Kristjánsson
Marie Sneve,Mímir Kristjánsson
Marie Sneve,Mímir Kristjánsson
Marie Sneve,Mímir Kristjánsson
Marie Sneve,Mímir Kristjánsson
Marie Sneve,Mímir Kristjánsson
Marie Sneve,Mímir Kristjánsson
Marie Sneve,Mímir Kristjánsson
Marie Sneve,Mímir Kristjánsson
Marie Sneve,Mímir Kristjánsson
Marie Sneve,Mímir Kristjánsson
Marie Sneve,Mímir Kristjánsson
Marie Sneve,Mímir Kristjánsson
Marie Sneve,Mímir Kristjánsson
Marie Sneve,Mímir Kristjánsson
Marie Sneve,Mímir Kristjánsson
Marie Sneve,Mímir Kristjánsson
Marie Sneve,Mímir Kristjánsson
Marie Sneve,Mímir Kristjánsson
Marie Sneve,Mímir Kristjánsson
Marie Sneve,Mímir Kristjánsson
Marie Sneve,Mímir Kristjánsson
Marie Sneve,Roy Steffensen   roysteffensen
Marie Sneve,Mímir Kristjánsson
Marie Sneve,Mímir Kristjánsson
Marie Sneve,Mímir Kristjánsson
Marie Sneve,Mímir Kristjánsson
Marie Sneve,Roy Steffensen   roysteffensen
Marie Sneve,Mímir Kristjánsson
Marie Sneve,Mímir Kristjánsson
Marie Sneve,Mímir Kristjánsson
Marie Sneve,Mímir Kristjánsson
Marie Sneve,Mímir Kristjánsson
Marie Sneve,Mímir Kristjánsson
Marie Sneve,Mímir Kristjánsson
Marie Sneve,Mímir Kristjánsson
Marie Sneve,Mímir Kristjánsson
Marie Sneve,Mímir Kristjánsson
Marie Sneve,Mímir Kristjánsson
Marie Sneve,Mímir Kristjánsson
Marie Sneve,Mímir Kristjánsson
Marie Sneve,Mímir Kristjánsson
Marie Sneve,Mímir Kristjánsson
Marie Sneve,Mímir Kristjánsson
Marie Sneve,Mímir Kristjánsson
Marie Sneve,Mímir Kristjánsson
Marie Sneve,Mímir Kristjánsson
Marie Sneve,Mímir Kristjánsson
Marie Sneve,Mímir Kristjánsson
Marie Sneve,Sofie Marhaug
Marie Sneve,Sofie Marhaug
Marie Sneve,Bjørnar Moxnes
Marie Sneve,Sofie Marhaug
Marie Sneve,Lars Haltbrekken
Marie Sneve,Lars Haltbrekken
Marie Sneve,Lars Haltbrekken
Marie Sneve,Lars Haltbrekken
Marie Sneve,Lars Haltbrekken
Marie Sneve,Bjørnar Moxnes
Marie Sneve,Seher Aydar
Marie Sneve,Sofie Marhaug
Marie Sneve,Bjørnar Moxnes
Marie Sneve,Bjørnar Moxnes
Guri Melby,
Åsmund Aukrust,Cecilie Myrseth
Åsmund Aukrust,Cecilie Myrseth
Åsmund Aukrust,Cecilie Myrseth
Åsmund Aukrust,Cecilie Myrseth
Åsmund Aukrust,Cecilie Myrseth
Åsmund Aukrust,Cecilie Myrseth
Åsmund Aukrust,Lars Haltbrekken
Åsmund Aukrust,Lars Haltbrekken
Åsmund Aukrust,Sveinung Rotevatn
Åsmund Aukrust,Espen Barth Eide
Åsmund Aukrust,Marian Hussein
Åsmund Aukrust,Cecilie Myrseth
Åsmund Aukrust,Cecilie Myrseth
Åsmund Aukrust,Abid Raja
Åsmund Aukrust,Lars Haltbrekken
Åsmund Aukrust,Kari Elisabeth Kaski
Åsmund Aukrust,Sofie Marhaug
Åsmund Aukrust,Sofie Marhaug
Åsmund Aukrust,Sofie Marhaug
Åsmund Aukrust,Lars Haltbrekken
Åsmund Aukrust,Lars Haltbrekken
Åsmund Aukrust,Cecilie Myrseth
Åsmund Aukrust,Espen Barth Eide
Hadia Tajik,Abid Raja
Hadia Tajik,Abid Raja
Lene Vågslid,Terje Aasland
Lene Vågslid,Kamzy Gunaratnam
Eva Kristin,Lars Haltbrekken
Eva Kristin,Sivert Bjørnstad
Eva Kristin,Sivert Bjørnstad
Eva Kristin,Anniken Huitfeldt
Eva Kristin,Anniken Huitfeldt
Eva Kristin,Sivert Bjørnstad
Eva Kristin,Terje Aasland
Eva Kristin,Åsmund Aukrust
Eva Kristin,Anniken Huitfeldt
Eva Kristin,Åsmund Aukrust
Eva Kristin,Lars Haltbrekken
Eva Kristin,Åsmund Aukrust
Eva Kristin,Åsmund Aukrust
Eva Kristin,AnetteTrettebergst.
Eva Kristin,Lene Vågslid
Eva Kristin,Kjell Ingolf Ropstad
Eva Kristin,Kjell Ingolf Ropstad
Eva Kristin,Kjell Ingolf Ropstad
Eva Kristin,Kjell Ingolf Ropstad
Eva Kristin,Kjell Ingolf Ropstad
Jon-Ivar Nygård,
Tina Bru,Sveinung Rotevatn
Tina Bru,Sofie Marhaug
Tina Bru,Sofie Marhaug
Tina Bru,Sveinung Rotevatn
Tina Bru,Sofie Marhaug
Tina Bru,Sveinung Rotevatn
Tina Bru,Lisa Marie Ness Klungland
Marte Mjøs Persen,
Rigmor Aasrud,Kari Elisabeth Kaski
Rigmor Aasrud,Erlend Wiborg
Rigmor Aasrud,Kari Henriksen
Rigmor Aasrud,Audun Lysbakken
Rigmor Aasrud,Audun Lysbakken
Rigmor Aasrud,Kari Henriksen
Rigmor Aasrud,Kari Henriksen
Rigmor Aasrud,Kari Henriksen
Rigmor Aasrud,Kari Henriksen
Rigmor Aasrud,Mudassar Kapur
Rigmor Aasrud,Sveinung Rotevatn
Cecilie Myrseth,Seher Aydar
Cecilie Myrseth,Seher Aydar
Cecilie Myrseth,Åsmund Aukrust
Cecilie Myrseth,Åsmund Aukrust
Cecilie Myrseth,Åsmund Aukrust
Cecilie Myrseth,Tone Wilhelmsen
Cecilie Myrseth,Tone Wilhelmsen
Cecilie Myrseth,Roy Steffensen   roysteffensen
Cecilie Myrseth,Roy Steffensen   roysteffensen
Cecilie Myrseth,Roy Steffensen   roysteffensen
Cecilie Myrseth,Roy Steffensen   roysteffensen
Cecilie Myrseth,Roy Steffensen   roysteffensen
Cecilie Myrseth,Roy Steffensen   roysteffensen
Cecilie Myrseth,Roy Steffensen   roysteffensen
Cecilie Myrseth,Audun Lysbakken
Cecilie Myrseth,Marit Knutsdatter Strand
Cecilie Myrseth,Tone Wilhelmsen
Cecilie Myrseth,Terje Aasland
Cecilie Myrseth,Åsmund Aukrust
Cecilie Myrseth,Åsmund Aukrust
Cecilie Myrseth,Åsmund Aukrust
Cecilie Myrseth,M Tybring-Gjedde
Cecilie Myrseth,Åsmund Aukrust
Cecilie Myrseth,Erna Solberg
Cecilie Myrseth,Erna Solberg
Cecilie Myrseth,Marian Hussein
Cecilie Myrseth,Marian Hussein
Cecilie Myrseth,Mari Holm Lønseth
Cecilie Myrseth,Sveinung Rotevatn
Cecilie Myrseth,Sveinung Rotevatn
Cecilie Myrseth,Åsmund Aukrust
Cecilie Myrseth,Åsmund Aukrust
Cecilie Myrseth,Espen Barth Eide
Cecilie Myrseth,Hadia Tajik
Terje Aasland,M Tybring-Gjedde
Terje Aasland,Lars Haltbrekken
Terje Aasland,Roy Steffensen   roysteffensen
Terje Aasland,Roy Steffensen   roysteffensen
Terje Aasland,Roy Steffensen   roysteffensen
Terje Aasland,Roy Steffensen   roysteffensen
Terje Aasland,Lars Haltbrekken
Terje Aasland,Nikolai Astrup
Terje Aasland,Nikolai Astrup
Terje Aasland,Nikolai Astrup
Terje Aasland,Nikolai Astrup
Terje Aasland,Lars Haltbrekken
Terje Aasland,Lars Haltbrekken
Terje Aasland,Nikolai Astrup
Kari Henriksen,Siv Mossleth
Kari Henriksen,Espen Barth Eide
Kari Henriksen,Åsmund Aukrust
Kari Henriksen,Guri Melby
Kari Henriksen,Tage Pettersen
Kari Henriksen,Tage Pettersen
Kari Henriksen,Tage Pettersen
Kari Henriksen,Sveinung Rotevatn
Kari Henriksen,Sveinung Rotevatn
Linda H. Helleland,Marian Hussein
Linda H. Helleland,Tage Pettersen
Linda H. Helleland,Nikolai Astrup
Linda H. Helleland,Nikolai Astrup
Linda H. Helleland,Nikolai Astrup
Linda H. Helleland,Nikolai Astrup
Linda H. Helleland,Alfred Jens
Lan Marie N. Berg,Lars Haltbrekken
Lan Marie N. Berg,Lars Haltbrekken
Lan Marie N. Berg,Nikolai Astrup
Lan Marie N. Berg,Lars Haltbrekken
Lan Marie N. Berg,Roy Steffensen   roysteffensen
Bård Hoksrud,Seher Aydar
Bård Hoksrud,Seher Aydar
Bård Hoksrud,Cecilie Myrseth
Bård Hoksrud,Tone Wilhelmsen
Bård Hoksrud,Tage Pettersen
Geir Pollestad,Sivert Bjørnstad
Geir Pollestad,Mari Holm Lønseth
Geir Pollestad,Mari Holm Lønseth
Geir Pollestad,Mari Holm Lønseth
Geir Pollestad,Roy Steffensen   roysteffensen
Geir Pollestad,Roy Steffensen   roysteffensen
Erlend Wiborg,Marian Hussein
Erlend Wiborg,Kari Elisabeth Kaski
Erlend Wiborg,Mímir Kristjánsson
Erlend Wiborg,Mímir Kristjánsson
Erlend Wiborg,Mímir Kristjánsson
Erlend Wiborg,Mímir Kristjánsson
Erlend Wiborg,Mímir Kristjánsson
Erlend Wiborg,Mímir Kristjánsson
Erlend Wiborg,Mímir Kristjánsson
Erlend Wiborg,Mímir Kristjánsson
Erlend Wiborg,Mímir Kristjánsson
Erlend Wiborg,Mímir Kristjánsson
Erlend Wiborg,Mímir Kristjánsson
Erlend Wiborg,Mímir Kristjánsson
Erlend Wiborg,Mímir Kristjánsson
Erlend Wiborg,Mímir Kristjánsson
Erlend Wiborg,Mímir Kristjánsson
Erlend Wiborg,Mímir Kristjánsson
Erlend Wiborg,Mímir Kristjánsson
Erlend Wiborg,Mímir Kristjánsson
Erlend Wiborg,Mímir Kristjánsson
Erlend Wiborg,Mímir Kristjánsson
Erlend Wiborg,Mímir Kristjánsson
Erlend Wiborg,Mímir Kristjánsson
Erlend Wiborg,Mímir Kristjánsson
Erlend Wiborg,Mímir Kristjánsson
Erlend Wiborg,Mímir Kristjánsson
Erlend Wiborg,Mímir Kristjánsson
M Tybring-Gjedde,Ove Trellevik
M Tybring-Gjedde,Alfred Jens
M Tybring-Gjedde,Sofie Marhaug
M Tybring-Gjedde,Nikolai Astrup
M Tybring-Gjedde,Mímir Kristjánsson
M Tybring-Gjedde,Mímir Kristjánsson
M Tybring-Gjedde,Mímir Kristjánsson
Ole André Myhrvold,Terje Aasland
Ole André Myhrvold,Sveinung Rotevatn
Ole André Myhrvold,Lene Westgaard-Halle
Ole André Myhrvold,Lars Haltbrekken
Ole André Myhrvold,Lene Westgaard-Halle
Ole André Myhrvold,Lars Haltbrekken
Ole André Myhrvold,Lars Haltbrekken
Ole André Myhrvold,Lars Haltbrekken
Ole André Myhrvold,Bjørnar Skjæran
Ole André Myhrvold,Espen Barth Eide
Ole André Myhrvold,Lars Haltbrekken
Ole André Myhrvold,Lene Westgaard-Halle
Ole André Myhrvold,Åsmund Aukrust
Ole André Myhrvold,Kari Elisabeth Kaski
Ole André Myhrvold,Kari Elisabeth Kaski
Ole André Myhrvold,Lene Westgaard-Halle
Ole André Myhrvold,Geir Pollestad
Ole André Myhrvold,Espen Barth Eide
Ole André Myhrvold,Espen Barth Eide
Ole André Myhrvold,Lars Haltbrekken
Ole André Myhrvold,Tage Pettersen
Ole André Myhrvold,Tage Pettersen
Ole André Myhrvold,Lars Haltbrekken
Ole André Myhrvold,Lars Haltbrekken
Ole André Myhrvold,Lars Haltbrekken
Ole André Myhrvold,Erlend Wiborg
Ole André Myhrvold,Erlend Wiborg
Ole André Myhrvold,Erlend Wiborg
Ole André Myhrvold,Erlend Wiborg
Ole André Myhrvold,Tage Pettersen
Ole André Myhrvold,Sivert Bjørnstad
Ole André Myhrvold,Sivert Bjørnstad
Ole André Myhrvold,Tage Pettersen
Ole André Myhrvold,Erlend Wiborg
Ole André Myhrvold,Sivert Bjørnstad
Ole André Myhrvold,Terje Halleland
Ole André Myhrvold,Lars Haltbrekken
Ole André Myhrvold,Lars Haltbrekken
Ole André Myhrvold,Tage Pettersen
Ole André Myhrvold,Tage Pettersen
Ole André Myhrvold,Tage Pettersen
Ole André Myhrvold,Tage Pettersen
Ole André Myhrvold,Tage Pettersen
Ole André Myhrvold,Tage Pettersen
Ole André Myhrvold,Tage Pettersen
Ole André Myhrvold,Tage Pettersen
Ole André Myhrvold,Sandra Borch
Ole André Myhrvold,Geir Pollestad
Eigil Knutsen,Geir Pollestad
Eigil Knutsen,Roy Steffensen   roysteffensen
Eigil Knutsen,Kari Elisabeth Kaski
Eigil Knutsen,Terje Aasland
Eigil Knutsen,Roy Steffensen   roysteffensen
Eigil Knutsen,Roy Steffensen   roysteffensen
Eigil Knutsen,Mímir Kristjánsson
Eigil Knutsen,Sivert Bjørnstad
Eigil Knutsen,Kari Elisabeth Kaski
Eigil Knutsen,Kari Elisabeth Kaski
Eigil Knutsen,Sivert Bjørnstad
Eigil Knutsen,Kari Elisabeth Kaski
Eigil Knutsen,Kari Elisabeth Kaski
Eigil Knutsen,Roy Steffensen   roysteffensen
Eigil Knutsen,Hadia Tajik
Eigil Knutsen,Hadia Tajik
Eigil Knutsen,Roy Steffensen   roysteffensen
Eigil Knutsen,Kari Elisabeth Kaski
Eigil Knutsen,Hadia Tajik
Eigil Knutsen,Roy Steffensen   roysteffensen
Eigil Knutsen,Lene Westgaard-Halle
Eigil Knutsen,M Tybring-Gjedde
Eigil Knutsen,Geir Pollestad
Eigil Knutsen,Sivert Bjørnstad
Eigil Knutsen,Sivert Bjørnstad
Eigil Knutsen,Espen Barth Eide
Eigil Knutsen,Kari Elisabeth Kaski
Eigil Knutsen,Kari Elisabeth Kaski
Eigil Knutsen,Ove Trellevik
Eigil Knutsen,Sivert Bjørnstad
Eigil Knutsen,Peter Frølich
Eigil Knutsen,Kari Henriksen
Eigil Knutsen,Ove Trellevik
Eigil Knutsen,Lene Westgaard-Halle
Tage Pettersen,Lene Westgaard-Halle
Tage Pettersen,Lene Westgaard-Halle
Lene Westgaard-Halle,Alfred Jens
Lene Westgaard-Halle,Tage Pettersen
Lene Westgaard-Halle,Tage Pettersen
Lene Westgaard-Halle,Erna Solberg
Lene Westgaard-Halle,Tage Pettersen
Lene Westgaard-Halle,Tage Pettersen
Lene Westgaard-Halle,Sveinung Rotevatn
Lene Westgaard-Halle,M Tybring-Gjedde
Lene Westgaard-Halle,Tage Pettersen
Lene Westgaard-Halle,Mari Holm Lønseth
Sandra Borch,Lene Westgaard-Halle
Sandra Borch,Marit Knutsdatter Strand
Sandra Borch,Espen Barth Eide
Sandra Borch,Lene Westgaard-Halle
Sandra Borch,Lars Haltbrekken
Sandra Borch,Lene Westgaard-Halle
Sandra Borch,Lars Haltbrekken
Sandra Borch,Geir Pollestad
Sandra Borch,Sveinung Rotevatn
Sandra Borch,Sveinung Rotevatn
Sandra Borch,Sveinung Rotevatn
Sandra Borch,Sveinung Rotevatn
Sandra Borch,Lene Westgaard-Halle
Sandra Borch,Ole André Myhrvold
Sandra Borch,Lars Haltbrekken
Sandra Borch,Sveinung Rotevatn
Sandra Borch,Bjørnar Skjæran
Sandra Borch,Mona Fagerås
Sandra Borch,Bjørnar Skjæran
Audun Lysbakken,Sveinung Rotevatn
Audun Lysbakken,Sveinung Rotevatn
Audun Lysbakken,Lars Haltbrekken
Audun Lysbakken,Lars Haltbrekken
Audun Lysbakken,Lars Haltbrekken
Audun Lysbakken,Lars Haltbrekken
Audun Lysbakken,Lars Haltbrekken
Audun Lysbakken,Lars Haltbrekken
Audun Lysbakken,Lars Haltbrekken
Audun Lysbakken,Lars Haltbrekken
Audun Lysbakken,Lars Haltbrekken
Audun Lysbakken,Lars Haltbrekken
Audun Lysbakken,Lars Haltbrekken
Lise Selnes,Lise Selnes
Lise Selnes,Lise Selnes
Henrik Asheim,Roy Steffensen   roysteffensen
Henrik Asheim,Peter Frølich
Henrik Asheim,Peter Frølich
Henrik Asheim,Guri Melby
Henrik Asheim,Guri Melby
Henrik Asheim,Guri Melby
Henrik Asheim,Roy Steffensen   roysteffensen
Henrik Asheim,Marit Knutsdatter Strand
Kamzy Gunaratnam,
Lars Haltbrekken,Audun Lysbakken
Lars Haltbrekken,Audun Lysbakken
Himanshu,Roy Steffensen   roysteffensen
Himanshu,M Tybring-Gjedde
Himanshu,Erlend Wiborg
Himanshu,Erlend Wiborg
Himanshu,Erlend Wiborg
Himanshu,Roy Steffensen   roysteffensen
Himanshu,Erlend Wiborg
Himanshu,Roy Steffensen   roysteffensen
Himanshu,Roy Steffensen   roysteffensen
Himanshu,Abid Raja
Himanshu,Peter Frølich
Himanshu,Marian Hussein
Himanshu,Marian Hussein
Himanshu,Kari Henriksen
Himanshu,Peter Frølich
Himanshu,Peter Frølich
Erling Sande,Marit Knutsdatter Strand
Erling Sande,Marit Knutsdatter Strand
Erling Sande,Geir Pollestad
Erling Sande,Marit Knutsdatter Strand
Erling Sande,Kjell Ingolf Ropstad
Erling Sande,Geir Pollestad
Erling Sande,Sveinung Rotevatn
Erling Sande,Rasmus JM Hansson
Erling Sande,Rasmus JM Hansson
Erling Sande,Rasmus JM Hansson
Erling Sande,Erling Sande
Erling Sande,Lars Haltbrekken
Erling Sande,Lars Haltbrekken
Erling Sande,Erling Sande
Erling Sande,Lars Haltbrekken
Erling Sande,Erling Sande
Erling Sande,Erling Sande
Erling Sande,Erling Sande
Erling Sande,Erling Sande
Erling Sande,Sveinung Rotevatn
Erling Sande,Lars Haltbrekken
Erling Sande,Erling Sande
Erling Sande,Lars Haltbrekken
Erling Sande,Erling Sande
Erling Sande,Lars Haltbrekken
Erling Sande,Erling Sande
Erling Sande,Lars Haltbrekken
Erling Sande,Erling Sande
Erling Sande,Erling Sande
Erling Sande,Erling Sande
Erling Sande,Erling Sande
Erling Sande,Erling Sande
Erling Sande,Erling Sande
Erling Sande,Erling Sande
Erling Sande,Kari Elisabeth Kaski
Erling Sande,Lars Haltbrekken
Erling Sande,Kjell Ingolf Ropstad
Erling Sande,Lars Haltbrekken
Erling Sande,Lan Marie N. Berg
Erling Sande,Lars Haltbrekken
Kjersti Toppe,Mímir Kristjánsson
Kjersti Toppe,Tage Pettersen
Kjersti Toppe,Sofie Marhaug
Morten,Mímir Kristjánsson
Morten,Mímir Kristjánsson
Morten,Mímir Kristjánsson
Anna Molberg,Sofie Marhaug
Anna Molberg,Freddy André
Anna Molberg,Henrik Asheim
Anna Molberg,Mari Holm Lønseth
Anna Molberg,Mari Holm Lønseth
Anna Molberg,Mari Holm Lønseth
Anna Molberg,Anna Molberg
Anna Molberg,Tina Bru
Geir Adelsten,Geir Pollestad
Helge Andre Njåstad,Tage Pettersen
Helge Andre Njåstad,Sveinung Rotevatn
Helge Andre Njåstad,Sveinung Rotevatn
Helge Andre Njåstad,Erlend Wiborg
Helge Andre Njåstad,Nikolai Astrup
Helge Andre Njåstad,Henrik Asheim
Helge Andre Njåstad,Kari Henriksen
Helge Andre Njåstad,Kari Henriksen
Helge Andre Njåstad,Kari Henriksen
Helge Andre Njåstad,Abid Raja
Helge Andre Njåstad,Geir Pollestad
Helge Andre Njåstad,Kari Henriksen
Helge Andre Njåstad,Kari Henriksen
Helge Andre Njåstad,Kari Henriksen
Helge Andre Njåstad,Kari Henriksen
Helge Andre Njåstad,Kari Henriksen
Helge Andre Njåstad,Kari Henriksen
Helge Andre Njåstad,Kari Henriksen
Helge Andre Njåstad,Kari Henriksen
Helge Andre Njåstad,Kari Henriksen
Helge Andre Njåstad,Kari Henriksen
Helge Andre Njåstad,Kari Henriksen
Helge Andre Njåstad,Kari Henriksen
Helge Andre Njåstad,Henrik Asheim
Helge Andre Njåstad,Nikolai Astrup
Helge Andre Njåstad,Abid Raja
Helge Andre Njåstad,Abid Raja
Helge Andre Njåstad,Abid Raja
Helge Andre Njåstad,Helge Orten
Grunde Almeland,Guri Melby
Grunde Almeland,Abid Raja
Grunde Almeland,Abid Raja
Grunde Almeland,Sveinung Rotevatn
Grunde Almeland,Anniken Huitfeldt
Grunde Almeland,Anniken Huitfeldt
Grunde Almeland,Anniken Huitfeldt
Grunde Almeland,Anniken Huitfeldt
Grunde Almeland,Anniken Huitfeldt
Grunde Almeland,M Tybring-Gjedde
Grunde Almeland,M Tybring-Gjedde
Grunde Almeland,Åsmund Aukrust
Grunde Almeland,Roy Steffensen   roysteffensen
Grunde Almeland,Kari Henriksen
Grunde Almeland,Sveinung Rotevatn
Grunde Almeland,Åsmund Aukrust
Grunde Almeland,Sveinung Rotevatn
Grunde Almeland,Sveinung Rotevatn
Grunde Almeland,Sveinung Rotevatn
Grunde Almeland,Åsmund Aukrust
Grunde Almeland,Sveinung Rotevatn
Grunde Almeland,Sveinung Rotevatn
Grunde Almeland,Sveinung Rotevatn
Grunde Almeland,Åsmund Aukrust
Grunde Almeland,Sveinung Rotevatn
Grunde Almeland,Åsmund Aukrust
Grunde Almeland,Sveinung Rotevatn
Grunde Almeland,Åsmund Aukrust
Grunde Almeland,Sveinung Rotevatn
Grunde Almeland,Tage Pettersen
Grunde Almeland,Tage Pettersen
Grunde Almeland,Guri Melby
Grunde Almeland,Kari Henriksen
Grunde Almeland,Kari Henriksen
Grunde Almeland,Kari Henriksen
Grunde Almeland,Kari Henriksen
Grunde Almeland,Kari Henriksen
Grunde Almeland,Kari Henriksen
Grunde Almeland,Kari Henriksen
Grunde Almeland,Guri Melby
Grunde Almeland,Tage Pettersen
Grunde Almeland,Guri Melby
Grunde Almeland,Guri Melby
Grunde Almeland,Guri Melby
Grunde Almeland,Guri Melby
Grunde Almeland,Guri Melby
Grunde Almeland,Guri Melby
Grunde Almeland,Guri Melby
Grunde Almeland,Guri Melby
Grunde Almeland,Guri Melby
Nikolai Astrup,Erna Solberg
Nikolai Astrup,Lars Haltbrekken
Nikolai Astrup,M Tybring-Gjedde
Nikolai Astrup,M Tybring-Gjedde
Nikolai Astrup,M Tybring-Gjedde
Nikolai Astrup,M Tybring-Gjedde
Nikolai Astrup,Ove Trellevik
Nikolai Astrup,Lars Haltbrekken
Jorodd Asphjell,Sivert Bjørnstad
Jorodd Asphjell,Sivert Bjørnstad
Jorodd Asphjell,Mona Fagerås
Jorodd Asphjell,M Tybring-Gjedde
Jorodd Asphjell,M Tybring-Gjedde
Jorodd Asphjell,Hadia Tajik
Jorodd Asphjell,Hadia Tajik
Jorodd Asphjell,Jorodd Asphjell
Jorodd Asphjell,Jorodd Asphjell
Jorodd Asphjell,Sveinung Rotevatn
Jorodd Asphjell,Kari Henriksen
Jorodd Asphjell,Helge Andre Njåstad
Jorodd Asphjell,Kari Henriksen
Jorodd Asphjell,Kari Henriksen
Jorodd Asphjell,Ingvild Kjerkol
Jorodd Asphjell,Lene Vågslid
Jonas Gahr Støre,
Alfred Jens,Abid Raja
Alfred Jens,Abid Raja
Alfred Jens,Abid Raja
Alfred Jens,Abid Raja
Alfred Jens,Abid Raja
Alfred Jens,Abid Raja
Alfred Jens,Abid Raja
Alfred Jens,Abid Raja
Alfred Jens,Abid Raja
Alfred Jens,Abid Raja
Alfred Jens,Abid Raja
Alfred Jens,Abid Raja
Alfred Jens,Abid Raja
Alfred Jens,Sveinung Rotevatn
Alfred Jens,Abid Raja
Alfred Jens,Sveinung Rotevatn
Alfred Jens,Abid Raja
Alfred Jens,Abid Raja
Alfred Jens,Abid Raja
Alfred Jens,Sveinung Rotevatn
Øystein Mathisen,
Bjørnar Moxnes,Sofie Marhaug
Bjørnar Moxnes,Sofie Marhaug
Bjørnar Moxnes,Sofie Marhaug
Bjørnar Moxnes,Mímir Kristjánsson
Bjørnar Moxnes,Mímir Kristjánsson
Bjørnar Moxnes,Mímir Kristjánsson
Bjørnar Moxnes,Mímir Kristjánsson
Bjørnar Moxnes,Sveinung Rotevatn
Bjørnar Moxnes,Mímir Kristjánsson
Bjørnar Moxnes,Mímir Kristjánsson
Bjørnar Moxnes,Mímir Kristjánsson
Bjørnar Moxnes,Mímir Kristjánsson
Bjørnar Moxnes,Mímir Kristjánsson
Bjørnar Moxnes,Mímir Kristjánsson
Bjørnar Moxnes,Mímir Kristjánsson
Bjørnar Moxnes,Mímir Kristjánsson
Bjørnar Moxnes,Mímir Kristjánsson
Bjørnar Moxnes,Mímir Kristjánsson
Bjørnar Moxnes,Mímir Kristjánsson
Bjørnar Moxnes,Mímir Kristjánsson
Bjørnar Moxnes,Mímir Kristjánsson
Bjørnar Moxnes,Mímir Kristjánsson
Bjørnar Moxnes,Mímir Kristjánsson
Bjørnar Moxnes,Mímir Kristjánsson
Bjørnar Moxnes,Mímir Kristjánsson
Bjørnar Moxnes,Sveinung Rotevatn
Bjørnar Moxnes,Mímir Kristjánsson
Bjørnar Moxnes,Sveinung Rotevatn
Bjørnar Moxnes,Mímir Kristjánsson
Bjørnar Moxnes,Mímir Kristjánsson
Bjørnar Moxnes,Mímir Kristjánsson
Bjørnar Moxnes,Mímir Kristjánsson
Bjørnar Moxnes,Roy Steffensen   roysteffensen
Bjørnar Moxnes,Mímir Kristjánsson
Bjørnar Moxnes,Mímir Kristjánsson
Bjørnar Moxnes,Mímir Kristjánsson
Bjørnar Moxnes,Mímir Kristjánsson
Bjørnar Moxnes,Roy Steffensen   roysteffensen
Bjørnar Moxnes,Mímir Kristjánsson
Bjørnar Moxnes,Mímir Kristjánsson
Bjørnar Moxnes,Mímir Kristjánsson
Bjørnar Moxnes,Mímir Kristjánsson
Bjørnar Moxnes,Mímir Kristjánsson
Bjørnar Moxnes,Mímir Kristjánsson
Bjørnar Moxnes,Mímir Kristjánsson
Bjørnar Moxnes,Mímir Kristjánsson
Bjørnar Moxnes,Mímir Kristjánsson
Bjørnar Moxnes,Mímir Kristjánsson
Bjørnar Moxnes,Mímir Kristjánsson
Bjørnar Moxnes,Mímir Kristjánsson
Bjørnar Moxnes,Mímir Kristjánsson
Bjørnar Moxnes,Mímir Kristjánsson
Bjørnar Moxnes,Mímir Kristjánsson
Bjørnar Moxnes,Mímir Kristjánsson
Bjørnar Moxnes,Mímir Kristjánsson
Bjørnar Moxnes,Mímir Kristjánsson
Bjørnar Moxnes,Mímir Kristjánsson
Bjørnar Moxnes,Mímir Kristjánsson
Bjørnar Moxnes,Mímir Kristjánsson
Bjørnar Moxnes,Cecilie Myrseth
Mudassar Kapur,Lene Westgaard-Halle
Mudassar Kapur,Lene Westgaard-Halle
Mudassar Kapur,Abid Raja
Mudassar Kapur,Sivert Bjørnstad
Mudassar Kapur,Sivert Bjørnstad
Mudassar Kapur,Kari Elisabeth Kaski
Mudassar Kapur,Aleksander Stokkebø
Mudassar Kapur,Kari Elisabeth Kaski
Mudassar Kapur,Sivert Bjørnstad
Mudassar Kapur,Sivert Bjørnstad
Mudassar Kapur,Kari Elisabeth Kaski
Mudassar Kapur,Sivert Bjørnstad
Mudassar Kapur,Roy Steffensen   roysteffensen
Mudassar Kapur,Roy Steffensen   roysteffensen
Mudassar Kapur,Marian Hussein
Mudassar Kapur,Marian Hussein
Mudassar Kapur,Grunde Almeland
Mudassar Kapur,Mari Holm Lønseth
Mudassar Kapur,Mari Holm Lønseth
Mudassar Kapur,Mari Holm Lønseth
Mudassar Kapur,Mari Holm Lønseth
Mudassar Kapur,Mari Holm Lønseth
Mudassar Kapur,Mari Holm Lønseth
Mudassar Kapur,Mari Holm Lønseth
Mudassar Kapur,Mari Holm Lønseth
Mudassar Kapur,Mari Holm Lønseth
Mudassar Kapur,Mari Holm Lønseth
Mudassar Kapur,Mari Holm Lønseth
Mudassar Kapur,Nikolai Astrup
Mudassar Kapur,Masud Gharahkhani
Mudassar Kapur,Lene Westgaard-Halle
Mudassar Kapur,Audun Lysbakken
Mudassar Kapur,Audun Lysbakken
Rune Støstad,
Sivert Bjørnstad,Roy Steffensen   roysteffensen
Sivert Bjørnstad,Mari Holm Lønseth
Sivert Bjørnstad,Roy Steffensen   roysteffensen
Sivert Bjørnstad,Roy Steffensen   roysteffensen
Sivert Bjørnstad,M Tybring-Gjedde
Sivert Bjørnstad,Jorodd Asphjell
Sivert Bjørnstad,Helge Andre Njåstad
Sivert Bjørnstad,Sveinung Rotevatn
Sivert Bjørnstad,Roy Steffensen   roysteffensen
Sivert Bjørnstad,Roy Steffensen   roysteffensen
Sivert Bjørnstad,Roy Steffensen   roysteffensen
Sivert Bjørnstad,Roy Steffensen   roysteffensen
Sivert Bjørnstad,Helge Andre Njåstad
Sivert Bjørnstad,Roy Steffensen   roysteffensen
Sivert Bjørnstad,Mari Holm Lønseth
Kirsti,Lars Haltbrekken
Kirsti,Sivert Bjørnstad
Kirsti,Sivert Bjørnstad
Even A.,Seher Aydar
Even A.,Seher Aydar
Even A.,Tone Wilhelmsen
Per-Willy Amundsen,
Mari Holm Lønseth,Geir Pollestad
Mari Holm Lønseth,Sivert Bjørnstad
Mari Holm Lønseth,Lene Westgaard-Halle
Mari Holm Lønseth,Roy Steffensen   roysteffensen
Mari Holm Lønseth,Roy Steffensen   roysteffensen
Mari Holm Lønseth,Roy Steffensen   roysteffensen
Mari Holm Lønseth,Sivert Bjørnstad
Mari Holm Lønseth,Sivert Bjørnstad
Mari Holm Lønseth,Sivert Bjørnstad
Mari Holm Lønseth,Sivert Bjørnstad
Mari Holm Lønseth,Sivert Bjørnstad
Mari Holm Lønseth,Roy Steffensen   roysteffensen
Mari Holm Lønseth,Roy Steffensen   roysteffensen
Mari Holm Lønseth,Sivert Bjørnstad
Mari Holm Lønseth,Roy Steffensen   roysteffensen
Mari Holm Lønseth,Roy Steffensen   roysteffensen
Mari Holm Lønseth,Sivert Bjørnstad
Mari Holm Lønseth,Sivert Bjørnstad
Mari Holm Lønseth,Erlend Wiborg
Mari Holm Lønseth,Lars Haltbrekken
Mari Holm Lønseth,M Tybring-Gjedde
Mari Holm Lønseth,Sivert Bjørnstad
Mari Holm Lønseth,M Tybring-Gjedde
Mari Holm Lønseth,Sivert Bjørnstad
Mari Holm Lønseth,Ingvild Kjerkol
Mari Holm Lønseth,Ingvild Kjerkol
Mari Holm Lønseth,Ingvild Kjerkol
Mari Holm Lønseth,Ingvild Kjerkol
Mari Holm Lønseth,Ingvild Kjerkol
Ingvild Kjerkol,Seher Aydar
Ingvild Kjerkol,Seher Aydar
Carl Ivar Hagen,Sveinung Stensland
Linda M Merkesdal,
Jan Tore Sanner,M Tybring-Gjedde
Jan Tore Sanner,M Tybring-Gjedde
Jan Tore Sanner,M Tybring-Gjedde
Jan Tore Sanner,Guri Melby
Jan Tore Sanner,Guri Melby
Jan Tore Sanner,Guri Melby
Jan Tore Sanner,Roy Steffensen   roysteffensen
Jan Tore Sanner,Roy Steffensen   roysteffensen
Ove Trellevik,Roy Steffensen   roysteffensen
Ove Trellevik,Nikolai Astrup
Ove Trellevik,Lene Westgaard-Halle
Ove Trellevik,Nikolai Astrup
Ove Trellevik,Lars Haltbrekken
Ove Trellevik,Eigil Knutsen
Ove Trellevik,Eigil Knutsen
Ove Trellevik,Eigil Knutsen
Ove Trellevik,Geir Pollestad
Ove Trellevik,Geir Pollestad
Ove Trellevik,Eigil Knutsen
Ove Trellevik,Geir Pollestad
Ove Trellevik,Geir Pollestad
Ove Trellevik,Geir Pollestad
Ove Trellevik,Eigil Knutsen
Ove Trellevik,Geir Pollestad
Ove Trellevik,Geir Pollestad
Ove Trellevik,Audun Lysbakken
Sofie Marhaug,Lars Haltbrekken
Seher Aydar,Tone Wilhelmsen
Seher Aydar,Sofie Marhaug
Seher Aydar,Roy Steffensen   roysteffensen
Seher Aydar,Roy Steffensen   roysteffensen
Seher Aydar,Mímir Kristjánsson
Seher Aydar,Marian Hussein
Seher Aydar,Sofie Marhaug
Seher Aydar,Bjørnar Moxnes
Seher Aydar,Espen Barth Eide
Seher Aydar,Mímir Kristjánsson
Seher Aydar,Sofie Marhaug
Seher Aydar,Sofie Marhaug
Seher Aydar,Sofie Marhaug
Seher Aydar,Sofie Marhaug
Seher Aydar,Mímir Kristjánsson
Seher Aydar,Mímir Kristjánsson
Terje Halleland,Roy Steffensen   roysteffensen
Terje Halleland,Roy Steffensen   roysteffensen
Terje Halleland,Sveinung Rotevatn
Terje Halleland,Roy Steffensen   roysteffensen
Terje Halleland,Roy Steffensen   roysteffensen
Terje Halleland,Lars Haltbrekken
Terje Halleland,Roy Steffensen   roysteffensen
Terje Halleland,Roy Steffensen   roysteffensen
Terje Halleland,Erlend Wiborg
Terje Halleland,Lars Haltbrekken
Terje Halleland,Roy Steffensen   roysteffensen
Terje Halleland,Lars Haltbrekken
Terje Halleland,Roy Steffensen   roysteffensen
Terje Halleland,Lisa Marie Ness Klungland
Terje Halleland,Roy Steffensen   roysteffensen
Terje Halleland,Lars Haltbrekken
Terje Halleland,Roy Steffensen   roysteffensen
Terje Halleland,Roy Steffensen   roysteffensen
Terje Halleland,Roy Steffensen   roysteffensen
Terje Halleland,Lars Haltbrekken
Terje Halleland,Lars Haltbrekken
Terje Halleland,Bjørnar Skjæran
Terje Halleland,Espen Barth Eide
Terje Halleland,Lars Haltbrekken
Terje Halleland,Lene Westgaard-Halle
Terje Halleland,Åsmund Aukrust
Terje Halleland,Kari Elisabeth Kaski
Terje Halleland,Roy Steffensen   roysteffensen
Terje Halleland,Lars Haltbrekken
Terje Halleland,Roy Steffensen   roysteffensen
Terje Halleland,Lene Westgaard-Halle
Terje Halleland,Roy Steffensen   roysteffensen
Terje Halleland,Geir Pollestad
Terje Halleland,Roy Steffensen   roysteffensen
Terje Halleland,Lene Westgaard-Halle
Terje Halleland,Roy Steffensen   roysteffensen
Terje Halleland,Roy Steffensen   roysteffensen
Terje Halleland,Roy Steffensen   roysteffensen
Terje Halleland,Lene Westgaard-Halle
Terje Halleland,Lene Westgaard-Halle
Terje Halleland,Lars Haltbrekken
Terje Halleland,Roy Steffensen   roysteffensen
Terje Halleland,Roy Steffensen   roysteffensen
Terje Halleland,Lars Haltbrekken
Terje Halleland,Lars Haltbrekken
Terje Halleland,Roy Steffensen   roysteffensen
Terje Halleland,Lars Haltbrekken
Terje Halleland,Lars Haltbrekken
Terje Halleland,Lars Haltbrekken
Terje Halleland,Lars Haltbrekken
Terje Halleland,Lars Haltbrekken
Terje Halleland,Lars Haltbrekken
Terje Halleland,Tina Bru
Terje Halleland,Lars Haltbrekken
Terje Halleland,Lars Haltbrekken
Terje Halleland,Lars Haltbrekken
Terje Halleland,Lars Haltbrekken
Terje Halleland,Lars Haltbrekken
Terje Halleland,Lars Haltbrekken
Terje Halleland,Lars Haltbrekken
Terje Halleland,Lars Haltbrekken
Tellef Inge Mørland,
Anniken Huitfeldt,
Marian Hussein,Seher Aydar
Marian Hussein,Seher Aydar
Marian Hussein,Audun Lysbakken
Marian Hussein,Cecilie Myrseth
Marian Hussein,Cecilie Myrseth
Marian Hussein,Åsmund Aukrust
Marian Hussein,Marit Knutsdatter Strand
Marian Hussein,Mímir Kristjánsson
Marian Hussein,Tone Wilhelmsen
Marian Hussein,Kari Elisabeth Kaski
Marian Hussein,Audun Lysbakken
Marian Hussein,Ingrid Fiskaa
Bård Ludvig Thorheim,Lene Westgaard-Halle
Bård Ludvig Thorheim,Nikolai Astrup
Bård Ludvig Thorheim,Åsmund Aukrust
Bård Ludvig Thorheim,Åsmund Aukrust
Bård Ludvig Thorheim,Åsmund Aukrust
Mani Hussaini,Cecilie Myrseth
Mani Hussaini,Cecilie Myrseth
Mani Hussaini,Cecilie Myrseth
Mani Hussaini,Cecilie Myrseth
Mani Hussaini,M Tybring-Gjedde
Mani Hussaini,Lars Haltbrekken
Mani Hussaini,Lars Haltbrekken
Mani Hussaini,Lars Haltbrekken
Mani Hussaini,Anniken Huitfeldt
Mani Hussaini,Anniken Huitfeldt
Peter Frølich,Guri Melby
Peter Frølich,M Tybring-Gjedde
Peter Frølich,Geir Pollestad
Peter Frølich,Mímir Kristjánsson
Peter Frølich,Mímir Kristjánsson
Peter Frølich,Mímir Kristjánsson
Peter Frølich,Mímir Kristjánsson
Peter Frølich,Mímir Kristjánsson
Peter Frølich,Mímir Kristjánsson
Peter Frølich,Mímir Kristjánsson
Peter Frølich,Mímir Kristjánsson
Peter Frølich,Mímir Kristjánsson
Peter Frølich,Mímir Kristjánsson
Peter Frølich,Mímir Kristjánsson
Peter Frølich,Mímir Kristjánsson
Peter Frølich,M Tybring-Gjedde
Peter Frølich,Marian Hussein
Peter Frølich,Marian Hussein
Peter Frølich,Marian Hussein
Per Olav Tyldum,
Roy Steffensen   roysteffensen,Mímir Kristjánsson
Roy Steffensen   roysteffensen,Mímir Kristjánsson
Roy Steffensen   roysteffensen,Mímir Kristjánsson
Roy Steffensen   roysteffensen,Mímir Kristjánsson
Roy Steffensen   roysteffensen,Mímir Kristjánsson
Roy Steffensen   roysteffensen,Sveinung Rotevatn
Roy Steffensen   roysteffensen,Mímir Kristjánsson
Roy Steffensen   roysteffensen,Mímir Kristjánsson
Roy Steffensen   roysteffensen,Sivert Bjørnstad
Roy Steffensen   roysteffensen,Sveinung Rotevatn
Roy Steffensen   roysteffensen,Mímir Kristjánsson
Roy Steffensen   roysteffensen,Mímir Kristjánsson
Roy Steffensen   roysteffensen,Mímir Kristjánsson
Roy Steffensen   roysteffensen,Mímir Kristjánsson
Roy Steffensen   roysteffensen,Mímir Kristjánsson
Roy Steffensen   roysteffensen,Mímir Kristjánsson
Roy Steffensen   roysteffensen,Cecilie Myrseth
Freddy André,Audun Lysbakken
Freddy André,Guri Melby
Freddy André,M Tybring-Gjedde
Freddy André,Audun Lysbakken
Freddy André,Audun Lysbakken
Freddy André,AnetteTrettebergst.
Freddy André,Tage Pettersen
Freddy André,M Tybring-Gjedde
Freddy André,M Tybring-Gjedde
Freddy André,Marian Hussein
Freddy André,Kari Elisabeth Kaski
Freddy André,Audun Lysbakken
Freddy André,Tage Pettersen
Freddy André,Marian Hussein
Freddy André,Tage Pettersen
Freddy André,Audun Lysbakken
Freddy André,Tage Pettersen
Lisa Marie Ness Klungland,Seher Aydar
Lisa Marie Ness Klungland,Seher Aydar
Lisa Marie Ness Klungland,Tone Wilhelmsen
Lisa Marie Ness Klungland,Roy Steffensen   roysteffensen
Lisa Marie Ness Klungland,Liv Kari Eskeland
Lisa Marie Ness Klungland,Roy Steffensen   roysteffensen
Lisa Marie Ness Klungland,Roy Steffensen   roysteffensen
Lisa Marie Ness Klungland,Roy Steffensen   roysteffensen
Lisa Marie Ness Klungland,Mímir Kristjánsson
Lisa Marie Ness Klungland,Mímir Kristjánsson
Lisa Marie Ness Klungland,Roy Steffensen   roysteffensen
Lisa Marie Ness Klungland,Mímir Kristjánsson
Lisa Marie Ness Klungland,Mímir Kristjánsson
Lisa Marie Ness Klungland,Roy Steffensen   roysteffensen
Lisa Marie Ness Klungland,Terje Halleland
Lisa Marie Ness Klungland,Marit Knutsdatter Strand
Lisa Marie Ness Klungland,Marit Knutsdatter Strand
Lisa Marie Ness Klungland,Marit Knutsdatter Strand
Lisa Marie Ness Klungland,Lisa Marie Ness Klungland
Lisa Marie Ness Klungland,Marit Knutsdatter Strand
Lisa Marie Ness Klungland,Marit Knutsdatter Strand
Lisa Marie Ness Klungland,Geir Pollestad
Lisa Marie Ness Klungland,Geir Pollestad
Lisa Marie Ness Klungland,Geir Pollestad
Lisa Marie Ness Klungland,Geir Pollestad
Lise Christoffersen,Erlend Wiborg
Lise Christoffersen,Sveinung Stensland
Lise Christoffersen,Nikolai Astrup
Lise Christoffersen,Kari Henriksen
Lise Christoffersen,Kari Henriksen
Lise Christoffersen,Lise Christoffersen
Lise Christoffersen,Lise Christoffersen
Lise Christoffersen,Masud Gharahkhani
Lise Christoffersen,Lise Christoffersen
Lise Christoffersen,Lise Christoffersen
Lise Christoffersen,Sveinung Rotevatn
Lise Christoffersen,Masud Gharahkhani
Lise Christoffersen,Masud Gharahkhani
Lise Christoffersen,Lise Christoffersen
Lise Christoffersen,Lise Christoffersen
Lise Christoffersen,Lise Christoffersen
Lise Christoffersen,Lise Christoffersen
Lise Christoffersen,Lise Christoffersen
Lise Christoffersen,Lise Christoffersen
Lise Christoffersen,Sveinung Rotevatn
Lise Christoffersen,Sveinung Rotevatn
Lise Christoffersen,Lise Christoffersen
Lise Christoffersen,Erlend Wiborg
Lise Christoffersen,Mudassar Kapur
Lise Christoffersen,Mudassar Kapur
Lise Christoffersen,Mudassar Kapur
Lise Christoffersen,Mudassar Kapur
Lise Christoffersen,Mudassar Kapur
Lise Christoffersen,Bjørnar Moxnes
Lise Christoffersen,Bjørnar Moxnes
Lise Christoffersen,Lise Christoffersen
Lise Christoffersen,Lise Christoffersen
Lise Christoffersen,AnetteTrettebergst.
Lise Christoffersen,Lise Christoffersen
Lise Christoffersen,Mudassar Kapur
Lise Christoffersen,Linda H. Helleland
Lise Christoffersen,Linda H. Helleland
Lise Christoffersen,Linda H. Helleland
Lise Christoffersen,Masud Gharahkhani
Lise Christoffersen,Lise Christoffersen
Lise Christoffersen,Guri Melby
Lise Christoffersen,Guri Melby
Lise Christoffersen,Guri Melby
Aleksander Stokkebø,Lene Westgaard-Halle
Aleksander Stokkebø,Mímir Kristjánsson
Aleksander Stokkebø,Mímir Kristjánsson
Aleksander Stokkebø,Roy Steffensen   roysteffensen
Aleksander Stokkebø,Roy Steffensen   roysteffensen
Aleksander Stokkebø,Helge Andre Njåstad
Aleksander Stokkebø,Helge Andre Njåstad
Aleksander Stokkebø,Nikolai Astrup
Aleksander Stokkebø,Helge Andre Njåstad
Aleksander Stokkebø,Roy Steffensen   roysteffensen
Aleksander Stokkebø,Nikolai Astrup
Aleksander Stokkebø,Roy Steffensen   roysteffensen
Aleksander Stokkebø,Roy Steffensen   roysteffensen
Aleksander Stokkebø,Tage Pettersen
Aleksander Stokkebø,Roy Steffensen   roysteffensen
Aleksander Stokkebø,Mudassar Kapur
Aleksander Stokkebø,Mudassar Kapur
Aleksander Stokkebø,M Tybring-Gjedde
Aleksander Stokkebø,Tage Pettersen
Aleksander Stokkebø,M Tybring-Gjedde
Aleksander Stokkebø,Erna Solberg
Nils K. Sandtrøen,M Tybring-Gjedde
Nils K. Sandtrøen,Kari Henriksen
Nils K. Sandtrøen,M Tybring-Gjedde
Nils K. Sandtrøen,M Tybring-Gjedde
Nils K. Sandtrøen,M Tybring-Gjedde
Nils K. Sandtrøen,M Tybring-Gjedde
Nils K. Sandtrøen,M Tybring-Gjedde
Nils K. Sandtrøen,M Tybring-Gjedde
Nils K. Sandtrøen,M Tybring-Gjedde
Nils K. Sandtrøen,M Tybring-Gjedde
Nils K. Sandtrøen,M Tybring-Gjedde
Nils K. Sandtrøen,M Tybring-Gjedde
Nils K. Sandtrøen,M Tybring-Gjedde
Nils K. Sandtrøen,M Tybring-Gjedde
Nils K. Sandtrøen,M Tybring-Gjedde
Nils K. Sandtrøen,M Tybring-Gjedde
Nils K. Sandtrøen,M Tybring-Gjedde
Nils K. Sandtrøen,M Tybring-Gjedde
Nils K. Sandtrøen,M Tybring-Gjedde
Nils K. Sandtrøen,M Tybring-Gjedde
Nils K. Sandtrøen,M Tybring-Gjedde
Nils K. Sandtrøen,M Tybring-Gjedde
Nils K. Sandtrøen,M Tybring-Gjedde
Nils K. Sandtrøen,M Tybring-Gjedde
Nils K. Sandtrøen,M Tybring-Gjedde
Nils K. Sandtrøen,Guri Melby
Nils K. Sandtrøen,Guri Melby
Nils K. Sandtrøen,Guri Melby
Nils K. Sandtrøen,Guri Melby
Nils K. Sandtrøen,Guri Melby
Nils K. Sandtrøen,Guri Melby
Nils K. Sandtrøen,Guri Melby
Nils K. Sandtrøen,Guri Melby
Nils K. Sandtrøen,Geir Pollestad
Nils K. Sandtrøen,Geir Pollestad
Nils K. Sandtrøen,Nikolai Astrup
Nils K. Sandtrøen,Nikolai Astrup
Espen Barth Eide,Sveinung Rotevatn
Espen Barth Eide,Lene Westgaard-Halle
Christian,Lars Haltbrekken
Christian,Espen Barth Eide
Marit Knutsdatter Strand,Tone Wilhelmsen
Marit Knutsdatter Strand,Roy Steffensen   roysteffensen
Marit Knutsdatter Strand,M Tybring-Gjedde
Marit Knutsdatter Strand,M Tybring-Gjedde
Marit Knutsdatter Strand,M Tybring-Gjedde
Marit Knutsdatter Strand,Roy Steffensen   roysteffensen
Marit Knutsdatter Strand,Guri Melby
Marit Knutsdatter Strand,Guri Melby
Marit Knutsdatter Strand,M Tybring-Gjedde
Marit Knutsdatter Strand,M Tybring-Gjedde
Marit Knutsdatter Strand,M Tybring-Gjedde
Marit Knutsdatter Strand,M Tybring-Gjedde
Marit Knutsdatter Strand,Roy Steffensen   roysteffensen
Marit Knutsdatter Strand,Roy Steffensen   roysteffensen
Marit Knutsdatter Strand,Guri Melby
Marit Knutsdatter Strand,Guri Melby
Marit Knutsdatter Strand,Mona Fagerås
Marit Knutsdatter Strand,M Tybring-Gjedde
Marit Knutsdatter Strand,M Tybring-Gjedde
Marit Knutsdatter Strand,M Tybring-Gjedde
Marit Knutsdatter Strand,M Tybring-Gjedde
Marit Knutsdatter Strand,Guri Melby
Marit Knutsdatter Strand,Sivert Bjørnstad
Marit Knutsdatter Strand,M Tybring-Gjedde
Marit Knutsdatter Strand,Guri Melby
Marit Knutsdatter Strand,M Tybring-Gjedde
Marit Knutsdatter Strand,M Tybring-Gjedde
Marit Knutsdatter Strand,M Tybring-Gjedde
Marit Knutsdatter Strand,M Tybring-Gjedde
Marit Knutsdatter Strand,M Tybring-Gjedde
Marit Knutsdatter Strand,M Tybring-Gjedde
Marit Knutsdatter Strand,M Tybring-Gjedde
Marit Knutsdatter Strand,M Tybring-Gjedde
Marit Knutsdatter Strand,M Tybring-Gjedde
Marit Knutsdatter Strand,M Tybring-Gjedde
Marit Knutsdatter Strand,M Tybring-Gjedde
Marit Knutsdatter Strand,M Tybring-Gjedde
Marit Knutsdatter Strand,M Tybring-Gjedde
Marit Knutsdatter Strand,M Tybring-Gjedde
Marit Knutsdatter Strand,M Tybring-Gjedde
Marit Knutsdatter Strand,M Tybring-Gjedde
Mona Nilsen,Mona Nilsen
Torbjørn Vereide,Alfred Jens
Torbjørn Vereide,Kamzy Gunaratnam
Torbjørn Vereide,Torbjørn Vereide
Torbjørn Vereide,Torbjørn Vereide
Torbjørn Vereide,Alfred Jens
Torbjørn Vereide,Åsmund Aukrust
Helge Orten,Roy Steffensen   roysteffensen
Helge Orten,Lars Haltbrekken
Helge Orten,Lars Haltbrekken
Helge Orten,Lars Haltbrekken
Kari-Anne Jønnes,Kari-Anne Jønnes
Nils T Bjørke,Tone Wilhelmsen
Nils T Bjørke,Geir Pollestad
Nils T Bjørke,Audun Lysbakken
Nils T Bjørke,Audun Lysbakken
Nils T Bjørke,Sveinung Rotevatn
Nils T Bjørke,Ove Trellevik
Nils T Bjørke,Nils T Bjørke
Nils T Bjørke,Ove Trellevik
Nils T Bjørke,Ove Trellevik
Rasmus JM Hansson,Mímir Kristjánsson
Rasmus JM Hansson,Mímir Kristjánsson
Rasmus JM Hansson,Mímir Kristjánsson
Rasmus JM Hansson,Mímir Kristjánsson
Rasmus JM Hansson,Mímir Kristjánsson
Rasmus JM Hansson,Mímir Kristjánsson
Rasmus JM Hansson,Mímir Kristjánsson
Rasmus JM Hansson,Mímir Kristjánsson
Rasmus JM Hansson,Mímir Kristjánsson
Rasmus JM Hansson,Mímir Kristjánsson
Rasmus JM Hansson,Mímir Kristjánsson
Rasmus JM Hansson,Mímir Kristjánsson
Rasmus JM Hansson,Erlend Wiborg
Rasmus JM Hansson,Mímir Kristjánsson
Rasmus JM Hansson,Erlend Wiborg
Rasmus JM Hansson,Mímir Kristjánsson
Rasmus JM Hansson,Erlend Wiborg
Rasmus JM Hansson,Mímir Kristjánsson
Rasmus JM Hansson,Erlend Wiborg
Rasmus JM Hansson,Erlend Wiborg
Rasmus JM Hansson,Erlend Wiborg
Rasmus JM Hansson,Mímir Kristjánsson
Rasmus JM Hansson,Erlend Wiborg
Rasmus JM Hansson,Mímir Kristjánsson
Rasmus JM Hansson,Mímir Kristjánsson
Rasmus JM Hansson,Erlend Wiborg
Rasmus JM Hansson,Mímir Kristjánsson
Rasmus JM Hansson,Mímir Kristjánsson
Rasmus JM Hansson,Mímir Kristjánsson
Rasmus JM Hansson,Erlend Wiborg
Rasmus JM Hansson,Mímir Kristjánsson
Rasmus JM Hansson,Erlend Wiborg
Rasmus JM Hansson,M Tybring-Gjedde
Rasmus JM Hansson,Sveinung Rotevatn
Rasmus JM Hansson,Lars Haltbrekken
Kathrine Kleveland,Sveinung Rotevatn
Kathrine Kleveland,Lene Westgaard-Halle
Kathrine Kleveland,VamPus
Kathrine Kleveland,Sveinung Rotevatn
Kathrine Kleveland,Sveinung Rotevatn
Kathrine Kleveland,Sveinung Rotevatn
Kathrine Kleveland,Sveinung Rotevatn
Kathrine Kleveland,Kathrine Kleveland
Kathrine Kleveland,Geir Pollestad
Kathrine Kleveland,Geir Pollestad
Kathrine Kleveland,Geir Pollestad
Kathrine Kleveland,Sveinung Rotevatn
Kathrine Kleveland,Sveinung Rotevatn
Kathrine Kleveland,Sveinung Rotevatn
Kathrine Kleveland,Mani Hussaini
Kathrine Kleveland,Kathrine Kleveland
Kathrine Kleveland,Kathrine Kleveland
Kathrine Kleveland,Marit Knutsdatter Strand
Kathrine Kleveland,Marit Knutsdatter Strand
Andre N Skjelstad,Lars Haltbrekken
Andre N Skjelstad,Lars Haltbrekken
Andre N Skjelstad,Sivert Bjørnstad
Andre N Skjelstad,Sivert Bjørnstad
Andre N Skjelstad,Geir Pollestad
Andre N Skjelstad,Sveinung Rotevatn
Andre N Skjelstad,Sveinung Rotevatn
Andre N Skjelstad,Sveinung Rotevatn
Andre N Skjelstad,Sveinung Rotevatn
Andre N Skjelstad,Sveinung Rotevatn
Andre N Skjelstad,Sveinung Rotevatn
Andre N Skjelstad,Sveinung Rotevatn
Andre N Skjelstad,Helge Andre Njåstad
Andre N Skjelstad,Helge Andre Njåstad
Andre N Skjelstad,Abid Raja
Andre N Skjelstad,Abid Raja
Andre N Skjelstad,Abid Raja
Tone Wilhelmsen,Lisa Marie Ness Klungland
Tone Wilhelmsen,Marit Knutsdatter Strand
Tone Wilhelmsen,Lene Westgaard-Halle
Tone Wilhelmsen,Lene Westgaard-Halle
Tone Wilhelmsen,Lene Westgaard-Halle
Tone Wilhelmsen,Audun Lysbakken
Tone Wilhelmsen,Kari Elisabeth Kaski
Dag-Inge,Cecilie Myrseth
Dag-Inge,Cecilie Myrseth
Dag-Inge,Cecilie Myrseth
Dag-Inge,Lisa Marie Ness Klungland
Ingunn Foss,Tage Pettersen
Ingunn Foss,Kari Henriksen
Ingunn Foss,Lene Westgaard-Halle
Ingunn Foss,Kjell Ingolf Ropstad
Ingunn Foss,Geir Pollestad
Ingunn Foss,Geir Pollestad
Ingunn Foss,Kjell Ingolf Ropstad
Ingunn Foss,Geir Pollestad
Geir Jørgensen,Lars Haltbrekken
Geir Jørgensen,Lars Haltbrekken
Geir Jørgensen,Geir Jørgensen
Geir Jørgensen,Geir Jørgensen
Geir Jørgensen,Nikolai Astrup
Geir Jørgensen,Lars Haltbrekken
Sverre Myrli,Helge Orten
Sverre Myrli,Lars Haltbrekken
Sverre Myrli,Helge Orten
Sverre Myrli,Lars Haltbrekken
Sverre Myrli,Helge Orten
Sverre Myrli,Helge Orten
Sverre Myrli,Helge Orten
Sverre Myrli,Lars Haltbrekken
Sverre Myrli,Helge Orten
Sverre Myrli,Mani Hussaini
Elise waagen,Tage Pettersen
Elise waagen,Tage Pettersen
Elise waagen,Anniken Huitfeldt
Sigbjørn Gjelsvik,Lars Haltbrekken
Sigbjørn Gjelsvik,Lars Haltbrekken
Sigbjørn Gjelsvik,Lars Haltbrekken
Sigbjørn Gjelsvik,Sivert Bjørnstad
Sigbjørn Gjelsvik,Sivert Bjørnstad
Sigbjørn Gjelsvik,Sveinung Rotevatn
Sigbjørn Gjelsvik,Terje Halleland
Sigbjørn Gjelsvik,Terje Halleland
Sigbjørn Gjelsvik,Terje Halleland
Sigbjørn Gjelsvik,Terje Halleland
Sigbjørn Gjelsvik,Lene Westgaard-Halle
Sigbjørn Gjelsvik,Lene Westgaard-Halle
Sigbjørn Gjelsvik,Lene Westgaard-Halle
Sigbjørn Gjelsvik,Lene Westgaard-Halle
Sigbjørn Gjelsvik,Sveinung Rotevatn
Sigbjørn Gjelsvik,Geir Pollestad
Ingrid Fiskaa,Audun Lysbakken
Ingrid Fiskaa,Kari Elisabeth Kaski
Ingrid Fiskaa,Lisa Marie Ness Klungland
Ingrid Fiskaa,Liv Kari Eskeland
Ingrid Fiskaa,Kari Elisabeth Kaski
Ingrid Fiskaa,Marian Hussein
Ingrid Fiskaa,Roy Steffensen   roysteffensen
Ingrid Fiskaa,Mímir Kristjánsson
Ingrid Fiskaa,Sivert Bjørnstad
Ingrid Fiskaa,Sivert Bjørnstad
Hårek Elvenes,Roy Steffensen   roysteffensen
Hårek Elvenes,Audun Lysbakken
Olaug Vervik,Seher Aydar
Olaug Vervik,Seher Aydar
Olaug Vervik,Tone Wilhelmsen
Olaug Vervik,Lene Westgaard-Halle
Olaug Vervik,Lene Westgaard-Halle
Olaug Vervik,Erlend Wiborg
Olaug Vervik,Lene Westgaard-Halle
Olaug Vervik,Lene Westgaard-Halle
Olaug Vervik,Lene Westgaard-Halle
Olaug Vervik,Lene Westgaard-Halle
Olaug Vervik,Lene Westgaard-Halle
Olaug Vervik,Lene Westgaard-Halle
Olaug Vervik,Lene Westgaard-Halle
Olaug Vervik,Lene Westgaard-Halle
Olaug Vervik,Lene Westgaard-Halle
Olaug Vervik,Lene Westgaard-Halle
Olaug Vervik,Lene Westgaard-Halle
Olaug Vervik,Lene Westgaard-Halle
Olaug Vervik,Lene Westgaard-Halle
Olaug Vervik,Lene Westgaard-Halle
Olaug Vervik,Lene Westgaard-Halle
Olaug Vervik,M Tybring-Gjedde
Olaug Vervik,Lene Westgaard-Halle
Olaug Vervik,Lene Westgaard-Halle
Olaug Vervik,Lan Marie N. Berg
Siv Mossleth,M Tybring-Gjedde
Siv Mossleth,Tage Pettersen
Olve Grotle,
Hege Bae Nyholt ,Bjørnar Moxnes
Mahmoud Farahmand,Kamzy Gunaratnam
Mahmoud Farahmand,Himanshu
Odd Harald Hovland,
Geir Inge Lien,
Else Marie Rødby,
Bjørnar Skjæran,Sivert Bjørnstad
Bjørnar Skjæran,Espen Barth Eide
Bjørnar Skjæran,Espen Barth Eide
Bjørnar Skjæran,Espen Barth Eide
Bjørnar Skjæran,Espen Barth Eide
Bjørnar Skjæran,Espen Barth Eide
Bjørnar Skjæran,Espen Barth Eide
Bjørnar Skjæran,Lars Haltbrekken
Bjørnar Skjæran,Lene Westgaard-Halle
Bjørnar Skjæran,Espen Barth Eide
Bjørnar Skjæran,Åsmund Aukrust
Bjørnar Skjæran,Kari Elisabeth Kaski
Ingvild Wetrhus Thorsvik,Guri Melby
Ingvild Wetrhus Thorsvik,Lisa Marie Ness Klungland
Grete Wold,
Mona Fagerås,Bjørnar Skjæran
Mona Fagerås,Bjørnar Skjæran
Mona Fagerås,Bjørnar Skjæran
Mona Fagerås,Sivert Bjørnstad
Erlend Svardal Bøe,Seher Aydar
Erlend Svardal Bøe,Seher Aydar
Erlend Svardal Bøe,Tone Wilhelmsen
Sylvi Listhaug,
Bengt Rune Strifeldt,
Trine Lise Sundnes,
Frank Edvard,Sofie Marhaug
Frank Edvard,Sofie Marhaug
Frank Edvard,Sofie Marhaug
Marit Arnstad,Terje Halleland
Marit Arnstad,Audun Lysbakken
Marit Arnstad,Audun Lysbakken
Marit Arnstad,Audun Lysbakken
Marit Arnstad,Ove Trellevik
Marit Arnstad,Marit Knutsdatter Strand
Marit Arnstad,Espen Barth Eide
Marit Arnstad,Marit Knutsdatter Strand
Åslaug Sem-Jacobsen,Tage Pettersen
Åslaug Sem-Jacobsen,AnetteTrettebergst.
Åslaug Sem-Jacobsen,Tage Pettersen
Terje Sørvik,
Liv Kari Eskeland,Lisa Marie Ness Klungland
Liv Kari Eskeland,Lars Haltbrekken
Margret,
Ingjerd Schou,
Andreas Sjalg Unneland,Audun Lysbakken
Emilie Mehl,Kamzy Gunaratnam
Anja Ninasdotter Abusland,
Birgit Oline Kjerstad,
